{"cameraMode":{"drawMode":0,"name":"Shaded","section":"Shading Mode"},"sceneLighting":true,"audioPlay":false,"sceneViewState":{"showFog":true,"showMaterialUpdate":false,"showSkybox":true,"showFlares":true,"showImageEffects":true,"showParticleSystems":true},"in2DMode":false,"pivot":{"x":589.5775756835938,"y":348.16253662109377,"z":-33.947509765625},"rotation":{"x":-0.10181888937950134,"y":0.0781077891588211,"z":-0.008015557192265988,"w":-0.9917250871658325},"size":1759.8060302734375,"orthographic":false}